Date,Store_ID,Product_ID,Category,Units_Sold,Unit_Price,Promotion,Season,Total_Sales
2021-01-01,7,1007,Home Appliances,90,320.36,Yes,Winter,28832.4
2021-01-02,20,1018,Clothing,144,265.51,Yes,Summer,38233.44
2021-01-03,15,1027,Groceries,69,234.27,No,Winter,16164.630000000001
2021-01-04,11,1034,Electronics,61,121.15,No,Festive,7390.150000000001
2021-01-05,8,1027,Electronics,138,155.08,No,Summer,21401.04
2021-01-06,7,1017,Electronics,50,148.54,Yes,Monsoon,7427.0
2021-01-07,19,1043,Electronics,3,283.83,Yes,Monsoon,851.49
2021-01-08,11,1044,Home Appliances,107,64.38,Yes,Winter,6888.66
2021-01-09,11,1024,Electronics,113,458.81,Yes,Festive,51845.53
2021-01-10,4,1025,Electronics,94,361.72,Yes,Summer,34001.68
2021-01-11,8,1007,Electronics,118,203.72,No,Festive,24038.96
2021-01-12,3,1006,Electronics,198,83.52,Yes,Summer,16536.96
2021-01-13,2,1024,Groceries,81,441.59,Yes,Winter,35768.79
2021-01-14,12,1033,Electronics,109,412.77,Yes,Summer,44991.93
2021-01-15,6,1049,Groceries,51,362.25,No,Festive,18474.75
2021-01-16,2,1029,Home Appliances,147,139.42,No,Festive,20494.739999999998
2021-01-17,1,1043,Clothing,170,204.21,No,Winter,34715.700000000004
2021-01-18,12,1022,Electronics,35,55.86,Yes,Festive,1955.1
2021-01-19,12,1026,Clothing,46,98.57,No,Summer,4534.219999999999
2021-01-20,17,1028,Clothing,154,392.59,No,Winter,60458.85999999999
2021-01-21,10,1050,Home Appliances,69,358.94,No,Summer,24766.86
2021-01-22,16,1021,Clothing,93,298.78,Yes,Festive,27786.539999999997
2021-01-23,15,1049,Groceries,64,448.38,No,Winter,28696.32
2021-01-24,15,1007,Clothing,165,293.72,Yes,Summer,48463.8
2021-01-25,19,1017,Clothing,49,236.15,Yes,Festive,11571.35
2021-01-26,12,1020,Clothing,149,173.48,No,Festive,25848.519999999997
2021-01-27,20,1041,Electronics,74,470.52,Yes,Monsoon,34818.479999999996
2021-01-28,3,1049,Electronics,192,45.94,No,Festive,8820.48
2021-01-29,5,1020,Groceries,5,465.79,Yes,Summer,2328.9500000000003
2021-01-30,19,1022,Groceries,100,414.22,No,Winter,41422.0
2021-01-31,7,1028,Electronics,70,69.32,No,Monsoon,4852.4
2021-02-01,9,1040,Groceries,90,284.67,No,Festive,25620.300000000003
2021-02-02,7,1049,Electronics,4,433.94,Yes,Festive,1735.76
2021-02-03,18,1007,Home Appliances,126,288.05,No,Festive,36294.3
2021-02-04,4,1001,Clothing,39,454.06,Yes,Summer,17708.34
2021-02-05,14,1032,Clothing,163,471.78,No,Monsoon,76900.14
2021-02-06,18,1013,Groceries,129,214.08,Yes,Summer,27616.320000000003
2021-02-07,9,1030,Electronics,24,191.77,Yes,Monsoon,4602.4800000000005
2021-02-08,2,1023,Electronics,57,468.48,No,Winter,26703.36
2021-02-09,20,1019,Groceries,100,339.19,No,Summer,33919.0
2021-02-10,15,1032,Electronics,70,62.43,No,Summer,4370.1
2021-02-11,7,1030,Home Appliances,41,25.93,No,Winter,1063.1299999999999
2021-02-12,12,1029,Clothing,182,284.49,No,Monsoon,51777.18
2021-02-13,8,1049,Groceries,174,465.43,Yes,Festive,80984.82
2021-02-14,15,1045,Groceries,60,422.9,No,Winter,25374.0
2021-02-15,3,1029,Electronics,108,339.54,No,Festive,36670.32
2021-02-16,14,1030,Groceries,188,73.86,Yes,Festive,13885.68
2021-02-17,17,1016,Home Appliances,57,130.84,No,Winter,7457.88
2021-02-18,4,1040,Electronics,31,438.38,No,Monsoon,13589.78
2021-02-19,18,1019,Electronics,84,95.49,Yes,Festive,8021.16
2021-02-20,8,1018,Electronics,152,142.83,No,Winter,21710.160000000003
2021-02-21,4,1001,Electronics,36,69.15,No,Summer,2489.4
2021-02-22,2,1014,Home Appliances,158,339.67,No,Summer,53667.86
2021-02-23,6,1047,Electronics,152,472.27,Yes,Summer,71785.04
2021-02-24,10,1050,Groceries,108,138.14,No,Winter,14919.119999999999
2021-02-25,4,1002,Home Appliances,106,240.33,Yes,Summer,25474.98
2021-02-26,18,1028,Clothing,158,319.0,No,Festive,50402.0
2021-02-27,12,1049,Clothing,86,499.74,Yes,Summer,42977.64
2021-02-28,2,1050,Groceries,135,56.88,No,Summer,7678.8
2021-03-01,10,1030,Groceries,163,251.79,Yes,Festive,41041.77
2021-03-02,4,1038,Home Appliances,183,195.63,Yes,Summer,35800.29
2021-03-03,14,1004,Clothing,14,433.58,Yes,Festive,6070.12
2021-03-04,16,1001,Clothing,120,240.6,Yes,Summer,28872.0
2021-03-05,15,1008,Clothing,138,59.93,Yes,Festive,8270.34
2021-03-06,8,1029,Clothing,80,319.04,Yes,Summer,25523.2
2021-03-07,14,1039,Clothing,144,386.54,No,Festive,55661.76
2021-03-08,8,1003,Electronics,182,6.43,No,Winter,1170.26
2021-03-09,16,1032,Groceries,106,430.18,Yes,Festive,45599.08
2021-03-10,13,1010,Electronics,70,97.08,Yes,Summer,6795.599999999999
2021-03-11,18,1010,Clothing,44,278.27,Yes,Summer,12243.88
2021-03-12,15,1019,Home Appliances,73,210.82,Yes,Monsoon,15389.859999999999
2021-03-13,13,1046,Home Appliances,45,361.23,No,Festive,16255.35
2021-03-14,9,1034,Clothing,184,188.72,Yes,Winter,34724.48
2021-03-15,15,1033,Clothing,107,435.53,No,Festive,46601.71
2021-03-16,13,1023,Home Appliances,84,366.6,No,Festive,30794.4
2021-03-17,1,1028,Electronics,82,325.62,Yes,Winter,26700.84
2021-03-18,7,1032,Electronics,107,399.14,Yes,Festive,42707.979999999996
2021-03-19,9,1050,Clothing,185,378.24,No,Winter,69974.40000000001
2021-03-20,1,1007,Electronics,21,22.79,No,Winter,478.59
2021-03-21,12,1029,Home Appliances,196,200.39,Yes,Festive,39276.439999999995
2021-03-22,8,1008,Electronics,178,465.75,Yes,Festive,82903.5
2021-03-23,11,1001,Clothing,161,67.23,Yes,Summer,10824.03
2021-03-24,19,1003,Home Appliances,7,369.86,No,Summer,2589.02
2021-03-25,17,1024,Electronics,70,487.42,No,Monsoon,34119.4
2021-03-26,8,1023,Groceries,127,30.84,Yes,Monsoon,3916.68
2021-03-27,3,1008,Home Appliances,143,342.69,No,Festive,49004.67
2021-03-28,3,1047,Home Appliances,160,236.74,No,Winter,37878.4
2021-03-29,1,1037,Groceries,148,291.69,Yes,Monsoon,43170.12
2021-03-30,5,1003,Groceries,143,47.24,Yes,Festive,6755.320000000001
2021-03-31,10,1033,Home Appliances,176,26.29,No,Monsoon,4627.04
2021-04-01,7,1028,Groceries,199,335.1,No,Winter,66684.90000000001
2021-04-02,9,1047,Clothing,149,412.54,Yes,Festive,61468.46000000001
2021-04-03,7,1008,Clothing,170,392.1,Yes,Winter,66657.0
2021-04-04,9,1034,Clothing,154,274.18,Yes,Festive,42223.72
2021-04-05,8,1035,Home Appliances,120,54.43,Yes,Monsoon,6531.6
2021-04-06,12,1032,Groceries,128,345.58,Yes,Summer,44234.24
2021-04-07,2,1024,Groceries,142,124.73,No,Monsoon,17711.66
2021-04-08,1,1014,Electronics,57,455.98,No,Monsoon,25990.86
2021-04-09,16,1032,Electronics,165,419.94,No,Summer,69290.1
2021-04-10,5,1046,Groceries,58,356.14,No,Summer,20656.12
2021-04-11,3,1043,Groceries,21,474.68,Yes,Festive,9968.28
2021-04-12,12,1016,Groceries,82,20.55,Yes,Festive,1685.1000000000001
2021-04-13,8,1004,Home Appliances,69,369.42,Yes,Winter,25489.98
2021-04-14,3,1037,Groceries,131,168.47,No,Winter,22069.57
2021-04-15,1,1021,Electronics,87,453.5,No,Monsoon,39454.5
2021-04-16,3,1014,Home Appliances,165,137.0,No,Summer,22605.0
2021-04-17,5,1031,Groceries,49,363.8,Yes,Winter,17826.2
2021-04-18,15,1048,Electronics,147,439.44,No,Monsoon,64597.68
2021-04-19,14,1018,Home Appliances,115,25.62,Yes,Summer,2946.3
2021-04-20,3,1007,Groceries,89,201.84,Yes,Festive,17963.760000000002
2021-04-21,1,1010,Groceries,85,382.34,Yes,Monsoon,32498.899999999998
2021-04-22,5,1007,Groceries,128,230.18,Yes,Festive,29463.04
2021-04-23,14,1033,Home Appliances,140,137.29,Yes,Winter,19220.6
2021-04-24,7,1023,Electronics,189,113.8,Yes,Winter,21508.2
2021-04-25,9,1021,Electronics,169,70.1,No,Summer,11846.9
2021-04-26,15,1019,Clothing,161,429.28,Yes,Monsoon,69114.08
2021-04-27,15,1048,Groceries,178,289.8,Yes,Festive,51584.4
2021-04-28,10,1019,Clothing,117,42.81,No,Summer,5008.77
2021-04-29,13,1036,Clothing,196,194.38,Yes,Winter,38098.479999999996
2021-04-30,19,1029,Electronics,127,187.03,No,Winter,23752.81
2021-05-01,7,1018,Home Appliances,71,94.96,No,Monsoon,6742.16
2021-05-02,17,1002,Home Appliances,86,220.58,No,Festive,18969.88
2021-05-03,20,1001,Electronics,33,169.39,Yes,Monsoon,5589.87
2021-05-04,4,1047,Home Appliances,81,174.19,Yes,Festive,14109.39
2021-05-05,5,1005,Clothing,152,370.82,No,Festive,56364.64
2021-05-06,7,1020,Groceries,61,115.52,Yes,Monsoon,7046.719999999999
2021-05-07,13,1011,Electronics,61,322.72,Yes,Summer,19685.920000000002
2021-05-08,15,1042,Groceries,98,287.47,No,Monsoon,28172.06
2021-05-09,11,1002,Home Appliances,28,286.21,No,Monsoon,8013.879999999999
2021-05-10,4,1003,Groceries,186,333.19,Yes,Winter,61973.34
2021-05-11,13,1023,Home Appliances,43,276.45,No,Winter,11887.35
2021-05-12,7,1012,Home Appliances,169,440.23,No,Monsoon,74398.87000000001
2021-05-13,19,1020,Clothing,167,339.41,No,Monsoon,56681.47
2021-05-14,2,1005,Home Appliances,86,275.75,Yes,Winter,23714.5
2021-05-15,10,1037,Clothing,177,415.73,Yes,Festive,73584.21
2021-05-16,13,1038,Clothing,17,305.04,Yes,Monsoon,5185.68
2021-05-17,6,1030,Clothing,98,149.12,No,Summer,14613.76
2021-05-18,12,1009,Electronics,198,107.51,Yes,Summer,21286.98
2021-05-19,12,1034,Electronics,198,80.4,No,Summer,15919.2
2021-05-20,20,1044,Home Appliances,98,450.23,Yes,Monsoon,44122.54
2021-05-21,11,1035,Clothing,65,356.52,Yes,Festive,23173.8
2021-05-22,7,1022,Electronics,74,469.0,No,Festive,34706.0
2021-05-23,1,1044,Clothing,85,303.63,Yes,Winter,25808.55
2021-05-24,1,1024,Groceries,5,239.33,No,Monsoon,1196.65
2021-05-25,20,1017,Groceries,2,34.56,Yes,Festive,69.12
2021-05-26,13,1010,Groceries,22,337.46,Yes,Monsoon,7424.12
2021-05-27,9,1030,Home Appliances,112,293.19,No,Winter,32837.28
2021-05-28,3,1046,Clothing,57,495.15,No,Winter,28223.55
2021-05-29,7,1023,Groceries,66,123.38,No,Winter,8143.08
2021-05-30,6,1032,Electronics,74,267.71,Yes,Summer,19810.539999999997
2021-05-31,8,1017,Groceries,98,327.22,Yes,Monsoon,32067.56
2021-06-01,9,1050,Groceries,144,324.07,Yes,Winter,46666.08
2021-06-02,5,1017,Groceries,112,282.84,No,Monsoon,31678.079999999998
2021-06-03,1,1014,Home Appliances,179,389.58,No,Summer,69734.81999999999
2021-06-04,19,1009,Electronics,125,106.47,No,Summer,13308.75
2021-06-05,10,1040,Clothing,167,364.19,Yes,Winter,60819.73
2021-06-06,12,1002,Electronics,86,311.77,Yes,Winter,26812.219999999998
2021-06-07,15,1045,Clothing,76,448.56,No,Festive,34090.56
2021-06-08,9,1025,Home Appliances,88,424.36,Yes,Monsoon,37343.68
2021-06-09,20,1039,Home Appliances,168,161.0,No,Winter,27048.0
2021-06-10,17,1009,Home Appliances,38,141.74,Yes,Festive,5386.120000000001
2021-06-11,17,1022,Home Appliances,188,490.92,Yes,Monsoon,92292.96
2021-06-12,20,1043,Clothing,59,266.0,No,Winter,15694.0
2021-06-13,12,1046,Groceries,138,453.68,Yes,Festive,62607.840000000004
2021-06-14,7,1004,Clothing,99,86.12,Yes,Festive,8525.880000000001
2021-06-15,2,1026,Electronics,192,323.2,No,Monsoon,62054.399999999994
2021-06-16,3,1029,Home Appliances,63,405.88,No,Festive,25570.44
2021-06-17,17,1045,Home Appliances,49,473.96,Yes,Monsoon,23224.039999999997
2021-06-18,5,1034,Electronics,192,171.98,No,Monsoon,33020.159999999996
2021-06-19,17,1023,Clothing,32,363.87,Yes,Monsoon,11643.84
2021-06-20,17,1037,Groceries,135,271.71,No,Summer,36680.85
2021-06-21,17,1011,Groceries,21,35.01,Yes,Festive,735.2099999999999
2021-06-22,2,1006,Electronics,20,346.55,Yes,Monsoon,6931.0
2021-06-23,2,1018,Groceries,154,346.6,No,Winter,53376.4
2021-06-24,5,1021,Clothing,127,465.65,Yes,Summer,59137.549999999996
2021-06-25,1,1042,Clothing,68,251.17,Yes,Summer,17079.559999999998
2021-06-26,1,1036,Electronics,110,118.97,No,Festive,13086.7
2021-06-27,19,1041,Clothing,116,27.06,No,Monsoon,3138.96
2021-06-28,2,1038,Home Appliances,143,210.74,Yes,Festive,30135.82
2021-06-29,12,1034,Electronics,120,154.45,No,Summer,18534.0
2021-06-30,6,1017,Clothing,79,381.74,No,Monsoon,30157.46
2021-07-01,4,1037,Electronics,116,180.36,Yes,Winter,20921.760000000002
2021-07-02,11,1025,Groceries,92,474.79,Yes,Monsoon,43680.68
2021-07-03,17,1038,Clothing,14,481.34,No,Summer,6738.759999999999
2021-07-04,6,1012,Home Appliances,155,312.35,No,Winter,48414.25
2021-07-05,5,1023,Clothing,125,464.69,No,Monsoon,58086.25
2021-07-06,20,1042,Electronics,168,381.62,Yes,Winter,64112.16
2021-07-07,2,1022,Electronics,58,275.7,Yes,Winter,15990.599999999999
2021-07-08,6,1021,Clothing,28,94.25,Yes,Summer,2639.0
2021-07-09,11,1027,Home Appliances,26,232.01,Yes,Winter,6032.26
2021-07-10,16,1031,Home Appliances,113,282.63,Yes,Festive,31937.19
2021-07-11,16,1006,Home Appliances,191,432.66,Yes,Summer,82638.06
2021-07-12,1,1027,Electronics,66,243.26,Yes,Festive,16055.16
2021-07-13,9,1040,Clothing,153,449.35,No,Winter,68750.55
2021-07-14,6,1034,Groceries,131,338.8,No,Festive,44382.8
2021-07-15,16,1012,Electronics,44,72.81,Yes,Monsoon,3203.6400000000003
2021-07-16,3,1045,Home Appliances,97,497.52,Yes,Winter,48259.439999999995
2021-07-17,20,1007,Clothing,42,265.98,Yes,Monsoon,11171.16
2021-07-18,4,1010,Home Appliances,6,198.97,No,Festive,1193.82
2021-07-19,19,1045,Groceries,167,331.26,Yes,Monsoon,55320.42
2021-07-20,3,1017,Home Appliances,180,58.9,No,Winter,10602.0
2021-07-21,19,1026,Home Appliances,23,320.09,No,Monsoon,7362.07
2021-07-22,20,1021,Groceries,89,251.63,No,Festive,22395.07
2021-07-23,7,1028,Clothing,123,206.3,No,Festive,25374.9
2021-07-24,20,1046,Electronics,178,476.74,No,Festive,84859.72
2021-07-25,9,1002,Clothing,171,263.66,Yes,Winter,45085.86000000001
2021-07-26,1,1043,Groceries,147,113.46,Yes,Festive,16678.62
2021-07-27,8,1001,Home Appliances,197,232.19,No,Winter,45741.43
2021-07-28,7,1036,Clothing,51,460.1,Yes,Monsoon,23465.100000000002
2021-07-29,18,1026,Electronics,11,92.17,No,Festive,1013.87
2021-07-30,8,1029,Groceries,12,110.91,No,Monsoon,1330.92
2021-07-31,1,1021,Clothing,74,11.45,Yes,Summer,847.3
2021-08-01,11,1011,Electronics,8,12.02,Yes,Monsoon,96.16
2021-08-02,18,1040,Groceries,152,415.55,Yes,Summer,63163.6
2021-08-03,10,1011,Electronics,41,367.4,Yes,Monsoon,15063.4
2021-08-04,3,1036,Groceries,164,180.75,Yes,Winter,29643.0
2021-08-05,7,1049,Home Appliances,85,350.66,No,Monsoon,29806.100000000002
2021-08-06,16,1039,Clothing,72,200.63,Yes,Winter,14445.36
2021-08-07,16,1040,Electronics,55,476.68,Yes,Winter,26217.4
2021-08-08,20,1035,Groceries,137,483.69,Yes,Festive,66265.53
2021-08-09,17,1034,Electronics,47,199.43,No,Winter,9373.210000000001
2021-08-10,2,1047,Electronics,143,427.84,Yes,Summer,61181.119999999995
2021-08-11,1,1024,Clothing,176,387.68,No,Festive,68231.68000000001
2021-08-12,16,1022,Home Appliances,104,158.45,Yes,Festive,16478.8
2021-08-13,12,1005,Electronics,42,119.86,Yes,Monsoon,5034.12
2021-08-14,5,1033,Groceries,60,231.83,No,Winter,13909.800000000001
2021-08-15,5,1036,Groceries,198,391.77,Yes,Winter,77570.45999999999
2021-08-16,9,1047,Home Appliances,12,480.28,Yes,Summer,5763.36
2021-08-17,9,1020,Groceries,130,382.97,No,Monsoon,49786.100000000006
2021-08-18,3,1019,Home Appliances,7,428.33,Yes,Monsoon,2998.31
2021-08-19,19,1035,Groceries,80,303.52,No,Festive,24281.6
2021-08-20,16,1043,Clothing,131,418.53,No,Festive,54827.42999999999
2021-08-21,16,1017,Electronics,109,393.29,No,Festive,42868.61
2021-08-22,3,1045,Clothing,3,191.61,No,Summer,574.83
2021-08-23,20,1043,Electronics,27,278.24,No,Summer,7512.4800000000005
2021-08-24,1,1034,Electronics,114,403.35,Yes,Festive,45981.9
2021-08-25,20,1009,Electronics,107,27.8,Yes,Monsoon,2974.6
2021-08-26,11,1026,Clothing,40,405.0,Yes,Summer,16200.0
2021-08-27,17,1002,Electronics,161,93.05,No,Monsoon,14981.05
2021-08-28,8,1009,Clothing,129,259.77,No,Monsoon,33510.329999999994
2021-08-29,4,1009,Home Appliances,8,405.1,No,Winter,3240.8
2021-08-30,6,1040,Groceries,101,130.64,No,Festive,13194.64
2021-08-31,8,1017,Groceries,160,126.67,Yes,Winter,20267.2
2021-09-01,20,1001,Electronics,124,204.37,Yes,Festive,25341.88
2021-09-02,3,1025,Clothing,176,447.85,No,Festive,78821.6
2021-09-03,16,1043,Groceries,107,5.22,No,Monsoon,558.54
2021-09-04,3,1040,Clothing,101,451.18,Yes,Festive,45569.18
2021-09-05,18,1042,Clothing,4,81.13,No,Monsoon,324.52
2021-09-06,14,1025,Electronics,198,495.09,No,Monsoon,98027.81999999999
2021-09-07,18,1039,Groceries,110,477.65,No,Festive,52541.5
2021-09-08,2,1035,Electronics,19,249.86,Yes,Monsoon,4747.34
2021-09-09,3,1003,Electronics,32,258.8,Yes,Monsoon,8281.6
2021-09-10,16,1050,Groceries,137,243.37,No,Monsoon,33341.69
2021-09-11,9,1037,Groceries,12,319.54,Yes,Summer,3834.4800000000005
2021-09-12,4,1044,Home Appliances,139,49.91,No,Monsoon,6937.49
2021-09-13,1,1044,Home Appliances,46,21.15,No,Summer,972.9
2021-09-14,4,1030,Clothing,119,33.56,Yes,Summer,3993.6400000000003
2021-09-15,1,1038,Groceries,16,224.96,No,Monsoon,3599.36
2021-09-16,14,1034,Home Appliances,129,141.4,No,Monsoon,18240.600000000002
2021-09-17,16,1012,Clothing,63,312.91,Yes,Summer,19713.33
2021-09-18,20,1019,Clothing,109,496.26,No,Summer,54092.34
2021-09-19,8,1037,Clothing,119,196.23,No,Monsoon,23351.37
2021-09-20,7,1044,Home Appliances,21,289.05,No,Monsoon,6070.05
2021-09-21,3,1049,Groceries,158,210.72,Yes,Festive,33293.76
2021-09-22,17,1017,Electronics,13,424.4,No,Summer,5517.2
2021-09-23,1,1010,Clothing,162,451.61,Yes,Summer,73160.82
2021-09-24,16,1049,Home Appliances,4,439.29,No,Festive,1757.16
2021-09-25,12,1047,Home Appliances,156,487.31,No,Summer,76020.36
2021-09-26,19,1012,Electronics,102,18.62,No,Winter,1899.24
2021-09-27,14,1016,Electronics,59,420.71,No,Summer,24821.89
2021-09-28,6,1024,Home Appliances,128,377.13,Yes,Festive,48272.64
2021-09-29,6,1019,Groceries,27,118.2,Yes,Winter,3191.4
2021-09-30,13,1008,Electronics,69,478.38,No,Monsoon,33008.22
2021-10-01,19,1031,Home Appliances,25,78.35,No,Festive,1958.7499999999998
2021-10-02,8,1021,Electronics,131,341.38,No,Festive,44720.78
2021-10-03,2,1017,Groceries,97,116.32,No,Monsoon,11283.039999999999
2021-10-04,1,1023,Clothing,196,218.53,No,Festive,42831.88
2021-10-05,15,1037,Electronics,25,360.98,No,Summer,9024.5
2021-10-06,1,1016,Groceries,148,283.85,No,Monsoon,42009.8
2021-10-07,5,1006,Home Appliances,162,216.61,No,Festive,35090.82
2021-10-08,16,1008,Electronics,154,166.54,Yes,Monsoon,25647.16
2021-10-09,19,1025,Electronics,126,420.63,Yes,Monsoon,52999.38
2021-10-10,4,1018,Home Appliances,133,76.19,Yes,Monsoon,10133.27
2021-10-11,3,1025,Clothing,189,217.9,No,Winter,41183.1
2021-10-12,17,1012,Home Appliances,9,452.36,No,Festive,4071.2400000000002
2021-10-13,17,1015,Electronics,116,423.7,No,Winter,49149.2
2021-10-14,12,1026,Home Appliances,178,203.47,Yes,Festive,36217.659999999996
2021-10-15,14,1041,Groceries,134,382.74,No,Summer,51287.16
2021-10-16,6,1045,Home Appliances,60,412.46,Yes,Summer,24747.6
2021-10-17,3,1026,Electronics,172,445.0,No,Summer,76540.0
2021-10-18,9,1047,Home Appliances,121,274.53,Yes,Festive,33218.13
2021-10-19,5,1032,Clothing,139,106.21,Yes,Monsoon,14763.189999999999
2021-10-20,17,1010,Home Appliances,194,131.38,Yes,Monsoon,25487.719999999998
2021-10-21,14,1016,Clothing,175,151.37,No,Winter,26489.75
2021-10-22,3,1007,Groceries,108,298.93,Yes,Winter,32284.440000000002
2021-10-23,1,1017,Clothing,108,21.24,No,Summer,2293.9199999999996
2021-10-24,20,1023,Home Appliances,131,319.84,No,Winter,41899.03999999999
2021-10-25,1,1026,Electronics,76,185.36,No,Festive,14087.36
2021-10-26,3,1021,Clothing,30,151.14,No,Festive,4534.2
2021-10-27,18,1022,Groceries,21,440.35,No,Winter,9247.35
2021-10-28,10,1007,Clothing,156,232.7,Yes,Winter,36301.2
2021-10-29,3,1014,Clothing,190,52.05,No,Winter,9889.5
2021-10-30,8,1015,Clothing,161,414.24,No,Winter,66692.64
2021-10-31,14,1007,Groceries,163,28.58,No,Summer,4658.54
2021-11-01,18,1009,Home Appliances,180,364.74,No,Summer,65653.2
2021-11-02,15,1048,Clothing,34,388.08,No,Winter,13194.72
2021-11-03,2,1008,Clothing,41,179.54,Yes,Festive,7361.139999999999
2021-11-04,10,1050,Electronics,51,413.27,Yes,Summer,21076.77
2021-11-05,2,1023,Groceries,175,260.25,No,Festive,45543.75
2021-11-06,17,1029,Clothing,82,234.33,Yes,Monsoon,19215.06
2021-11-07,8,1018,Groceries,58,27.47,Yes,Festive,1593.26
2021-11-08,1,1031,Clothing,75,148.56,No,Winter,11142.0
2021-11-09,9,1030,Home Appliances,185,465.85,Yes,Monsoon,86182.25
2021-11-10,11,1039,Home Appliances,23,198.95,No,Summer,4575.849999999999
2021-11-11,16,1035,Clothing,176,275.62,Yes,Summer,48509.12
2021-11-12,7,1018,Home Appliances,128,268.35,Yes,Monsoon,34348.8
2021-11-13,10,1042,Clothing,150,297.26,Yes,Festive,44589.0
2021-11-14,3,1039,Home Appliances,17,35.36,No,Summer,601.12
2021-11-15,18,1017,Electronics,69,184.28,Yes,Winter,12715.32
2021-11-16,13,1014,Electronics,108,362.95,Yes,Monsoon,39198.6
2021-11-17,7,1031,Electronics,139,104.28,No,Winter,14494.92
2021-11-18,4,1024,Groceries,94,105.77,No,Monsoon,9942.38
2021-11-19,13,1035,Groceries,15,9.99,Yes,Summer,149.85
2021-11-20,20,1044,Electronics,91,221.55,No,Festive,20161.05
2021-11-21,1,1045,Groceries,163,441.95,Yes,Monsoon,72037.84999999999
2021-11-22,8,1034,Home Appliances,33,30.69,Yes,Monsoon,1012.7700000000001
2021-11-23,14,1003,Clothing,125,99.6,No,Winter,12450.0
2021-11-24,16,1037,Clothing,16,158.49,No,Summer,2535.84
2021-11-25,14,1043,Clothing,162,367.2,No,Winter,59486.4
2021-11-26,12,1040,Electronics,66,322.11,Yes,Summer,21259.260000000002
2021-11-27,19,1026,Groceries,168,210.89,No,Winter,35429.52
2021-11-28,15,1023,Home Appliances,156,380.74,Yes,Monsoon,59395.44
2021-11-29,2,1044,Home Appliances,47,306.77,No,Winter,14418.189999999999
2021-11-30,2,1039,Electronics,167,448.54,Yes,Festive,74906.18000000001
2021-12-01,19,1015,Home Appliances,198,409.92,No,Summer,81164.16
2021-12-02,17,1049,Home Appliances,148,130.14,Yes,Summer,19260.719999999998
2021-12-03,20,1004,Home Appliances,124,139.36,No,Monsoon,17280.640000000003
2021-12-04,10,1029,Home Appliances,1,67.05,Yes,Summer,67.05
2021-12-05,6,1022,Groceries,87,171.8,No,Festive,14946.6
2021-12-06,15,1025,Home Appliances,128,499.77,No,Winter,63970.56
2021-12-07,11,1013,Clothing,191,205.85,Yes,Monsoon,39317.35
2021-12-08,5,1018,Electronics,67,114.14,No,Festive,7647.38
2021-12-09,1,1033,Groceries,4,382.43,Yes,Summer,1529.72
2021-12-10,8,1016,Home Appliances,186,273.52,Yes,Summer,50874.719999999994
2021-12-11,12,1045,Groceries,153,79.05,No,Festive,12094.65
2021-12-12,12,1042,Home Appliances,47,193.44,Yes,Winter,9091.68
2021-12-13,5,1044,Clothing,38,210.16,No,Winter,7986.08
2021-12-14,7,1002,Electronics,143,378.15,No,Monsoon,54075.45
2021-12-15,4,1035,Home Appliances,191,15.23,Yes,Summer,2908.9300000000003
2021-12-16,6,1042,Home Appliances,21,138.16,No,Festive,2901.36
2021-12-17,13,1034,Home Appliances,57,261.21,Yes,Winter,14888.97
2021-12-18,20,1030,Home Appliances,117,138.08,Yes,Monsoon,16155.36
2021-12-19,15,1013,Electronics,181,316.07,No,Summer,57208.67
2021-12-20,3,1013,Electronics,46,243.52,No,Summer,11201.92
2021-12-21,8,1018,Clothing,142,184.05,Yes,Monsoon,26135.100000000002
2021-12-22,20,1032,Electronics,145,474.86,Yes,Monsoon,68854.7
2021-12-23,16,1032,Home Appliances,39,317.92,No,Winter,12398.880000000001
2021-12-24,13,1035,Clothing,137,69.32,No,Festive,9496.839999999998
2021-12-25,18,1039,Clothing,99,282.25,No,Summer,27942.75
2021-12-26,10,1046,Clothing,77,391.46,No,Festive,30142.42
2021-12-27,19,1029,Home Appliances,115,355.7,Yes,Summer,40905.5
2021-12-28,17,1049,Groceries,134,90.18,No,Summer,12084.12
2021-12-29,19,1029,Home Appliances,151,486.35,Yes,Festive,73438.85
2021-12-30,5,1044,Electronics,187,227.16,Yes,Monsoon,42478.92
2021-12-31,9,1016,Electronics,91,83.72,No,Winter,7618.5199999999995
2022-01-01,12,1044,Home Appliances,98,94.2,Yes,Summer,9231.6
2022-01-02,1,1047,Home Appliances,120,53.63,No,Monsoon,6435.6
2022-01-03,1,1010,Clothing,46,402.74,Yes,Summer,18526.04
2022-01-04,15,1030,Home Appliances,38,65.41,No,Winter,2485.58
2022-01-05,2,1025,Clothing,142,66.94,Yes,Summer,9505.48
2022-01-06,16,1039,Electronics,100,425.98,Yes,Winter,42598.0
2022-01-07,8,1020,Clothing,72,175.58,No,Winter,12641.76
2022-01-08,13,1005,Home Appliances,190,20.27,No,Summer,3851.2999999999997
2022-01-09,1,1001,Electronics,35,30.69,Yes,Summer,1074.15
2022-01-10,16,1030,Groceries,147,75.37,Yes,Winter,11079.390000000001
2022-01-11,7,1049,Clothing,30,110.63,No,Monsoon,3318.8999999999996
2022-01-12,5,1003,Electronics,78,334.25,Yes,Festive,26071.5
2022-01-13,3,1045,Clothing,84,82.88,No,Winter,6961.92
2022-01-14,12,1014,Electronics,113,63.84,Yes,Summer,7213.92
2022-01-15,16,1030,Electronics,25,383.54,No,Summer,9588.5
2022-01-16,19,1050,Clothing,168,337.17,Yes,Monsoon,56644.560000000005
2022-01-17,5,1004,Groceries,88,220.49,No,Festive,19403.120000000003
2022-01-18,14,1018,Electronics,14,276.91,No,Winter,3876.7400000000002
2022-01-19,5,1037,Electronics,154,159.43,Yes,Winter,24552.22
2022-01-20,15,1025,Electronics,102,243.84,No,Festive,24871.68
2022-01-21,17,1048,Groceries,150,255.8,Yes,Winter,38370.0
2022-01-22,14,1001,Groceries,176,196.68,No,Festive,34615.68
2022-01-23,20,1046,Home Appliances,83,453.75,No,Summer,37661.25
2022-01-24,5,1015,Clothing,110,12.95,No,Festive,1424.5
2022-01-25,12,1009,Groceries,179,392.17,Yes,Winter,70198.43000000001
2022-01-26,16,1015,Clothing,131,66.57,No,Festive,8720.669999999998
2022-01-27,16,1049,Home Appliances,170,399.79,Yes,Monsoon,67964.3
2022-01-28,7,1024,Clothing,19,309.88,No,Summer,5887.72
2022-01-29,4,1004,Groceries,28,422.42,Yes,Summer,11827.76
2022-01-30,1,1012,Clothing,173,53.27,Yes,Festive,9215.710000000001
2022-01-31,5,1037,Groceries,71,281.7,Yes,Winter,20000.7
2022-02-01,10,1037,Clothing,63,253.04,No,Monsoon,15941.519999999999
2022-02-02,5,1043,Groceries,73,354.57,Yes,Summer,25883.61
2022-02-03,4,1006,Groceries,124,269.47,No,Summer,33414.280000000006
2022-02-04,2,1039,Clothing,119,272.66,Yes,Winter,32446.540000000005
2022-02-05,20,1046,Home Appliances,121,217.65,Yes,Winter,26335.65
2022-02-06,10,1024,Electronics,19,157.87,Yes,Monsoon,2999.53
2022-02-07,19,1011,Home Appliances,175,243.72,Yes,Festive,42651.0
2022-02-08,1,1013,Clothing,142,63.65,No,Winter,9038.3
2022-02-09,5,1034,Home Appliances,120,480.95,Yes,Festive,57714.0
2022-02-10,13,1025,Groceries,166,358.63,Yes,Monsoon,59532.58
2022-02-11,4,1007,Electronics,181,476.47,No,Festive,86241.07
2022-02-12,16,1004,Clothing,61,117.23,Yes,Summer,7151.030000000001
2022-02-13,16,1008,Clothing,164,440.27,Yes,Festive,72204.28
2022-02-14,2,1020,Clothing,168,405.35,Yes,Monsoon,68098.8
2022-02-15,17,1029,Electronics,30,340.19,Yes,Monsoon,10205.7
2022-02-16,20,1045,Groceries,9,314.39,No,Monsoon,2829.5099999999998
2022-02-17,12,1046,Clothing,64,161.69,No,Festive,10348.16
2022-02-18,18,1010,Home Appliances,161,409.12,Yes,Summer,65868.32
2022-02-19,3,1043,Clothing,120,253.25,No,Winter,30390.0
2022-02-20,1,1034,Clothing,52,40.09,No,Summer,2084.6800000000003
2022-02-21,1,1026,Clothing,89,159.87,Yes,Festive,14228.43
2022-02-22,19,1041,Clothing,142,467.97,No,Festive,66451.74
2022-02-23,11,1049,Groceries,53,426.09,Yes,Winter,22582.77
2022-02-24,5,1003,Home Appliances,187,491.04,No,Festive,91824.48000000001
2022-02-25,12,1006,Groceries,78,315.86,No,Monsoon,24637.08
2022-02-26,3,1005,Home Appliances,41,127.52,No,Monsoon,5228.32
2022-02-27,1,1005,Clothing,196,85.59,Yes,Monsoon,16775.64
2022-02-28,1,1047,Electronics,68,97.52,No,Monsoon,6631.36
2022-03-01,8,1023,Groceries,8,14.8,Yes,Monsoon,118.4
2022-03-02,10,1049,Electronics,2,198.39,Yes,Festive,396.78
2022-03-03,11,1009,Groceries,105,99.76,No,Winter,10474.800000000001
2022-03-04,12,1035,Clothing,125,208.77,Yes,Winter,26096.25
2022-03-05,13,1020,Groceries,110,467.82,No,Monsoon,51460.2
2022-03-06,12,1049,Clothing,86,218.12,Yes,Festive,18758.32
2022-03-07,14,1042,Groceries,169,439.6,Yes,Summer,74292.40000000001
2022-03-08,2,1035,Clothing,120,304.72,No,Summer,36566.4
2022-03-09,19,1050,Clothing,127,127.33,No,Festive,16170.91
2022-03-10,18,1018,Home Appliances,183,181.15,No,Monsoon,33150.450000000004
2022-03-11,3,1017,Clothing,16,46.54,No,Winter,744.64
2022-03-12,17,1024,Home Appliances,62,170.06,Yes,Festive,10543.72
2022-03-13,8,1003,Clothing,113,340.38,Yes,Summer,38462.94
2022-03-14,10,1032,Electronics,176,40.69,Yes,Summer,7161.44
2022-03-15,2,1035,Clothing,158,106.67,No,Summer,16853.86
2022-03-16,19,1038,Electronics,12,193.81,Yes,Monsoon,2325.7200000000003
2022-03-17,9,1013,Electronics,35,491.11,No,Summer,17188.850000000002
2022-03-18,7,1047,Clothing,11,393.51,Yes,Festive,4328.61
2022-03-19,4,1025,Electronics,64,368.08,No,Festive,23557.12
2022-03-20,18,1009,Home Appliances,50,62.51,Yes,Summer,3125.5
2022-03-21,13,1004,Groceries,149,391.59,Yes,Festive,58346.909999999996
2022-03-22,11,1014,Clothing,69,393.71,No,Summer,27165.989999999998
2022-03-23,4,1037,Electronics,48,302.55,Yes,Summer,14522.400000000001
2022-03-24,4,1034,Clothing,20,495.23,No,Winter,9904.6
2022-03-25,10,1011,Home Appliances,101,166.0,Yes,Monsoon,16766.0
2022-03-26,5,1041,Clothing,195,470.93,Yes,Monsoon,91831.35
2022-03-27,9,1003,Clothing,172,457.79,No,Winter,78739.88
2022-03-28,3,1028,Electronics,161,10.68,No,Winter,1719.48
2022-03-29,17,1029,Home Appliances,189,227.81,Yes,Monsoon,43056.090000000004
2022-03-30,3,1009,Groceries,137,488.67,Yes,Summer,66947.79000000001
2022-03-31,16,1003,Groceries,68,56.05,Yes,Summer,3811.3999999999996
2022-04-01,4,1025,Electronics,35,276.15,Yes,Monsoon,9665.25
2022-04-02,18,1034,Clothing,65,489.58,Yes,Summer,31822.7
2022-04-03,17,1012,Electronics,8,279.97,Yes,Winter,2239.76
2022-04-04,7,1042,Electronics,45,98.96,No,Summer,4453.2
2022-04-05,5,1009,Electronics,87,293.18,No,Summer,25506.66
2022-04-06,12,1015,Clothing,175,106.2,No,Festive,18585.0
2022-04-07,17,1040,Home Appliances,168,262.25,Yes,Festive,44058.0
2022-04-08,13,1025,Electronics,76,41.65,Yes,Festive,3165.4
2022-04-09,3,1005,Clothing,182,304.71,Yes,Summer,55457.219999999994
2022-04-10,9,1011,Home Appliances,76,260.81,No,Monsoon,19821.56
2022-04-11,17,1034,Electronics,174,371.38,No,Winter,64620.12
2022-04-12,17,1024,Groceries,47,317.2,Yes,Summer,14908.4
2022-04-13,20,1015,Home Appliances,15,277.06,Yes,Monsoon,4155.9
2022-04-14,16,1038,Electronics,105,346.44,No,Summer,36376.2
2022-04-15,13,1008,Home Appliances,147,76.25,No,Winter,11208.75
2022-04-16,19,1005,Home Appliances,26,299.7,No,Summer,7792.2
2022-04-17,17,1048,Home Appliances,52,90.19,Yes,Winter,4689.88
2022-04-18,4,1026,Home Appliances,93,463.13,Yes,Summer,43071.09
2022-04-19,12,1018,Home Appliances,150,38.83,Yes,Winter,5824.5
2022-04-20,9,1006,Home Appliances,21,218.04,No,Summer,4578.84
2022-04-21,19,1037,Electronics,51,349.42,No,Winter,17820.420000000002
2022-04-22,12,1048,Groceries,38,231.72,Yes,Festive,8805.36
2022-04-23,9,1013,Clothing,20,50.59,Yes,Summer,1011.8000000000001
2022-04-24,7,1028,Home Appliances,157,278.92,No,Summer,43790.44
2022-04-25,14,1005,Clothing,179,322.61,Yes,Monsoon,57747.19
2022-04-26,20,1013,Electronics,132,353.38,No,Monsoon,46646.159999999996
2022-04-27,19,1017,Home Appliances,55,189.76,No,Winter,10436.8
2022-04-28,15,1050,Groceries,199,284.01,Yes,Summer,56517.99
2022-04-29,16,1040,Clothing,92,228.09,No,Winter,20984.28
2022-04-30,5,1045,Home Appliances,28,337.67,Yes,Festive,9454.76
2022-05-01,3,1032,Electronics,4,293.86,No,Monsoon,1175.44
2022-05-02,12,1029,Groceries,150,265.25,No,Winter,39787.5
2022-05-03,20,1003,Clothing,76,128.51,Yes,Winter,9766.759999999998
2022-05-04,4,1040,Clothing,173,6.0,No,Monsoon,1038.0
2022-05-05,16,1034,Home Appliances,67,91.17,Yes,Summer,6108.39
2022-05-06,7,1040,Groceries,86,62.95,Yes,Winter,5413.7
2022-05-07,13,1027,Groceries,194,227.3,No,Monsoon,44096.200000000004
2022-05-08,10,1013,Groceries,162,308.07,Yes,Summer,49907.34
2022-05-09,7,1045,Groceries,91,110.48,Yes,Festive,10053.68
2022-05-10,14,1033,Electronics,183,469.83,Yes,Monsoon,85978.89
2022-05-11,5,1006,Groceries,105,8.31,Yes,Winter,872.5500000000001
2022-05-12,3,1024,Clothing,1,387.29,Yes,Festive,387.29
2022-05-13,11,1019,Clothing,72,314.48,Yes,Summer,22642.56
2022-05-14,11,1016,Electronics,87,189.91,No,Summer,16522.17
2022-05-15,18,1040,Clothing,166,29.99,Yes,Monsoon,4978.34
2022-05-16,15,1028,Clothing,6,315.61,No,Monsoon,1893.66
2022-05-17,12,1033,Groceries,153,195.88,No,Monsoon,29969.64
2022-05-18,9,1048,Clothing,145,468.45,Yes,Summer,67925.25
2022-05-19,10,1041,Electronics,61,273.29,No,Festive,16670.690000000002
2022-05-20,12,1013,Groceries,12,470.13,No,Summer,5641.5599999999995
2022-05-21,17,1043,Home Appliances,6,114.14,Yes,Winter,684.84
2022-05-22,6,1045,Groceries,27,364.23,Yes,Summer,9834.210000000001
2022-05-23,7,1025,Electronics,136,310.54,Yes,Winter,42233.44
2022-05-24,14,1042,Groceries,124,371.01,No,Festive,46005.24
2022-05-25,13,1036,Groceries,106,111.26,No,Monsoon,11793.560000000001
2022-05-26,8,1027,Electronics,193,334.17,Yes,Monsoon,64494.810000000005
2022-05-27,10,1038,Groceries,185,251.53,Yes,Summer,46533.05
2022-05-28,9,1007,Electronics,93,372.7,No,Monsoon,34661.1
2022-05-29,18,1005,Electronics,109,166.89,No,Festive,18191.01
2022-05-30,2,1043,Home Appliances,99,445.58,No,Monsoon,44112.42
2022-05-31,5,1045,Clothing,168,46.73,No,Summer,7850.639999999999
2022-06-01,5,1031,Clothing,142,404.56,Yes,Festive,57447.52
2022-06-02,6,1023,Groceries,35,431.35,No,Winter,15097.25
2022-06-03,19,1042,Groceries,176,409.54,No,Summer,72079.04000000001
2022-06-04,8,1010,Home Appliances,84,258.8,No,Winter,21739.2
2022-06-05,16,1032,Home Appliances,56,222.0,No,Festive,12432.0
2022-06-06,13,1043,Home Appliances,177,498.15,Yes,Summer,88172.55
2022-06-07,1,1030,Electronics,141,118.44,Yes,Summer,16700.04
2022-06-08,20,1039,Home Appliances,189,275.7,No,Festive,52107.299999999996
2022-06-09,17,1031,Home Appliances,49,336.98,No,Monsoon,16512.02
2022-06-10,7,1018,Groceries,46,351.93,Yes,Summer,16188.78
2022-06-11,13,1036,Home Appliances,113,105.99,Yes,Summer,11976.869999999999
2022-06-12,4,1002,Electronics,190,328.73,No,Winter,62458.700000000004
2022-06-13,4,1014,Electronics,136,410.09,No,Monsoon,55772.24
2022-06-14,6,1013,Groceries,43,29.76,Yes,Winter,1279.68
2022-06-15,19,1029,Home Appliances,148,456.2,Yes,Winter,67517.59999999999
2022-06-16,12,1012,Home Appliances,124,19.6,Yes,Monsoon,2430.4
2022-06-17,7,1039,Electronics,97,181.21,Yes,Monsoon,17577.37
2022-06-18,10,1002,Home Appliances,90,12.83,Yes,Festive,1154.7
2022-06-19,19,1032,Home Appliances,39,43.19,Yes,Monsoon,1684.4099999999999
2022-06-20,7,1013,Home Appliances,85,456.03,No,Summer,38762.549999999996
2022-06-21,3,1046,Clothing,177,180.66,Yes,Monsoon,31976.82
2022-06-22,13,1027,Groceries,192,215.26,Yes,Festive,41329.92
2022-06-23,13,1049,Clothing,62,111.6,Yes,Festive,6919.2
2022-06-24,18,1041,Groceries,106,300.56,Yes,Festive,31859.36
2022-06-25,20,1017,Electronics,107,299.43,No,Monsoon,32039.010000000002
2022-06-26,8,1040,Home Appliances,54,189.24,No,Monsoon,10218.960000000001
2022-06-27,9,1031,Groceries,126,169.85,Yes,Winter,21401.1
2022-06-28,7,1034,Clothing,9,443.06,No,Winter,3987.54
2022-06-29,1,1024,Home Appliances,88,194.73,No,Summer,17136.239999999998
2022-06-30,3,1045,Electronics,37,249.28,No,Winter,9223.36
2022-07-01,13,1035,Groceries,49,145.24,No,Summer,7116.76
2022-07-02,17,1048,Groceries,41,394.45,No,Festive,16172.449999999999
2022-07-03,1,1006,Groceries,17,201.74,No,Winter,3429.58
2022-07-04,6,1019,Home Appliances,88,259.24,Yes,Monsoon,22813.120000000003
2022-07-05,6,1030,Clothing,21,130.41,Yes,Winter,2738.61
2022-07-06,12,1007,Clothing,51,493.89,Yes,Summer,25188.39
2022-07-07,13,1010,Groceries,59,149.29,Yes,Winter,8808.109999999999
2022-07-08,13,1041,Electronics,167,386.52,Yes,Festive,64548.84
2022-07-09,15,1032,Electronics,183,216.61,No,Monsoon,39639.630000000005
2022-07-10,16,1034,Clothing,41,107.08,Yes,Summer,4390.28
2022-07-11,11,1028,Electronics,39,400.86,Yes,Monsoon,15633.54
2022-07-12,5,1015,Clothing,141,170.14,No,Monsoon,23989.739999999998
2022-07-13,4,1030,Groceries,192,433.27,No,Summer,83187.84
2022-07-14,3,1037,Clothing,11,458.05,Yes,Monsoon,5038.55
2022-07-15,19,1029,Clothing,147,430.61,No,Monsoon,63299.670000000006
2022-07-16,20,1022,Groceries,139,22.33,No,Winter,3103.87
2022-07-17,18,1004,Electronics,77,394.75,No,Monsoon,30395.75
2022-07-18,15,1020,Clothing,127,208.61,No,Monsoon,26493.47
2022-07-19,9,1032,Clothing,46,437.49,Yes,Monsoon,20124.54
2022-07-20,17,1036,Groceries,45,320.79,No,Monsoon,14435.550000000001
2022-07-21,14,1050,Electronics,1,417.65,Yes,Summer,417.65
2022-07-22,15,1004,Clothing,168,252.22,Yes,Festive,42372.96
2022-07-23,1,1027,Groceries,108,269.84,No,Winter,29142.719999999998
2022-07-24,3,1017,Clothing,19,76.47,No,Monsoon,1452.93
2022-07-25,16,1012,Home Appliances,76,393.07,No,Monsoon,29873.32
2022-07-26,11,1022,Groceries,72,212.6,Yes,Summer,15307.199999999999
2022-07-27,12,1017,Electronics,189,252.54,No,Festive,47730.06
2022-07-28,10,1010,Electronics,109,393.62,No,Monsoon,42904.58
2022-07-29,16,1001,Electronics,12,301.43,No,Summer,3617.16
2022-07-30,8,1022,Electronics,189,104.54,No,Winter,19758.06
2022-07-31,6,1026,Clothing,161,297.17,No,Winter,47844.37
2022-08-01,12,1018,Clothing,45,206.78,Yes,Monsoon,9305.1
2022-08-02,8,1050,Electronics,90,237.42,No,Monsoon,21367.8
2022-08-03,4,1014,Electronics,103,19.01,No,Festive,1958.0300000000002
2022-08-04,8,1047,Electronics,197,108.96,No,Festive,21465.12
2022-08-05,18,1029,Clothing,8,144.11,Yes,Monsoon,1152.88
2022-08-06,5,1012,Electronics,153,357.92,No,Summer,54761.76
2022-08-07,9,1036,Electronics,91,10.69,Yes,Festive,972.79
2022-08-08,4,1035,Home Appliances,174,207.34,Yes,Monsoon,36077.16
2022-08-09,17,1012,Home Appliances,87,462.39,No,Festive,40227.93
2022-08-10,9,1007,Electronics,158,60.38,No,Monsoon,9540.04
2022-08-11,1,1029,Groceries,175,260.63,No,Winter,45610.25
2022-08-12,20,1011,Electronics,177,394.33,Yes,Monsoon,69796.41
2022-08-13,13,1033,Home Appliances,175,471.55,Yes,Winter,82521.25
2022-08-14,16,1006,Groceries,84,374.65,Yes,Festive,31470.6
2022-08-15,13,1047,Groceries,82,361.68,Yes,Monsoon,29657.760000000002
2022-08-16,14,1015,Electronics,146,414.11,Yes,Festive,60460.060000000005
2022-08-17,3,1032,Home Appliances,194,225.87,Yes,Winter,43818.78
2022-08-18,6,1011,Home Appliances,68,403.89,No,Monsoon,27464.52
2022-08-19,18,1023,Groceries,161,8.94,No,Festive,1439.34
2022-08-20,19,1026,Electronics,127,462.66,Yes,Winter,58757.82
2022-08-21,5,1034,Clothing,164,224.44,No,Festive,36808.159999999996
2022-08-22,15,1046,Clothing,82,278.92,No,Summer,22871.440000000002
2022-08-23,2,1034,Home Appliances,147,131.17,Yes,Winter,19281.989999999998
2022-08-24,10,1029,Clothing,156,372.55,Yes,Winter,58117.8
2022-08-25,18,1004,Home Appliances,168,42.93,No,Winter,7212.24
2022-08-26,13,1017,Home Appliances,84,436.95,Yes,Monsoon,36703.799999999996
2022-08-27,5,1035,Home Appliances,113,414.92,Yes,Monsoon,46885.96
2022-08-28,1,1013,Clothing,76,111.95,No,Monsoon,8508.2
2022-08-29,1,1041,Home Appliances,122,405.62,Yes,Summer,49485.64
2022-08-30,18,1039,Groceries,143,394.25,No,Summer,56377.75
2022-08-31,15,1015,Electronics,41,317.95,No,Winter,13035.949999999999
2022-09-01,17,1029,Electronics,167,189.89,No,Summer,31711.629999999997
2022-09-02,11,1029,Home Appliances,2,139.39,No,Festive,278.78
2022-09-03,17,1011,Electronics,191,119.73,No,Winter,22868.43
2022-09-04,13,1032,Clothing,29,162.71,Yes,Winter,4718.59
2022-09-05,1,1002,Clothing,105,452.26,Yes,Festive,47487.299999999996
2022-09-06,2,1047,Electronics,194,43.43,Yes,Winter,8425.42
2022-09-07,9,1014,Clothing,51,415.29,Yes,Summer,21179.79
2022-09-08,3,1020,Electronics,75,177.7,No,Monsoon,13327.5
2022-09-09,1,1022,Electronics,10,263.19,No,Festive,2631.9
2022-09-10,16,1011,Electronics,142,398.27,Yes,Summer,56554.34
2022-09-11,6,1027,Home Appliances,51,442.77,No,Festive,22581.27
2022-09-12,17,1003,Electronics,118,175.67,Yes,Festive,20729.059999999998
2022-09-13,5,1017,Home Appliances,121,233.61,Yes,Winter,28266.81
2022-09-14,5,1044,Electronics,39,210.19,Yes,Winter,8197.41
2022-09-15,6,1028,Electronics,28,11.56,No,Summer,323.68
2022-09-16,3,1029,Electronics,3,151.49,No,Festive,454.47
2022-09-17,5,1021,Clothing,84,232.3,No,Winter,19513.2
2022-09-18,5,1047,Home Appliances,198,208.49,No,Winter,41281.020000000004
2022-09-19,10,1016,Home Appliances,155,362.35,Yes,Festive,56164.25
2022-09-20,10,1037,Electronics,117,195.48,No,Summer,22871.16
2022-09-21,19,1020,Electronics,2,247.24,No,Summer,494.48
2022-09-22,17,1006,Clothing,93,217.66,No,Festive,20242.38
2022-09-23,14,1019,Clothing,166,371.61,Yes,Summer,61687.26
2022-09-24,9,1005,Clothing,131,432.17,Yes,Winter,56614.270000000004
2022-09-25,14,1003,Home Appliances,144,268.29,No,Festive,38633.76
2022-09-26,1,1001,Home Appliances,94,395.77,No,Winter,37202.38
2022-09-27,19,1038,Home Appliances,40,151.91,No,Monsoon,6076.4
2022-09-28,13,1015,Electronics,2,272.98,No,Monsoon,545.96
2022-09-29,13,1034,Home Appliances,81,175.89,Yes,Summer,14247.089999999998
2022-09-30,4,1035,Groceries,169,210.03,No,Monsoon,35495.07
2022-10-01,1,1049,Groceries,12,367.54,No,Winter,4410.4800000000005
2022-10-02,17,1025,Clothing,163,441.42,No,Monsoon,71951.46
2022-10-03,8,1024,Home Appliances,65,65.14,Yes,Winter,4234.1
2022-10-04,2,1012,Groceries,55,319.15,Yes,Summer,17553.25
2022-10-05,8,1018,Clothing,45,293.16,No,Summer,13192.2
2022-10-06,7,1015,Home Appliances,101,63.62,No,Winter,6425.62
2022-10-07,2,1044,Electronics,62,109.89,No,Monsoon,6813.18
2022-10-08,3,1016,Groceries,49,158.95,No,Summer,7788.549999999999
2022-10-09,18,1027,Electronics,127,87.63,No,Festive,11129.01
2022-10-10,12,1008,Home Appliances,153,125.65,Yes,Summer,19224.45
2022-10-11,1,1046,Groceries,23,137.46,Yes,Monsoon,3161.5800000000004
2022-10-12,12,1025,Home Appliances,152,171.16,Yes,Festive,26016.32
2022-10-13,5,1017,Electronics,38,375.95,No,Monsoon,14286.1
2022-10-14,17,1029,Groceries,28,288.1,Yes,Winter,8066.800000000001
2022-10-15,16,1008,Electronics,21,493.19,Yes,Festive,10356.99
2022-10-16,15,1015,Home Appliances,182,210.29,Yes,Monsoon,38272.78
2022-10-17,15,1027,Home Appliances,107,378.16,No,Festive,40463.12
2022-10-18,5,1046,Electronics,146,436.38,No,Monsoon,63711.479999999996
2022-10-19,14,1050,Groceries,164,341.09,Yes,Festive,55938.759999999995
2022-10-20,2,1007,Electronics,99,208.87,No,Monsoon,20678.13
2022-10-21,11,1003,Home Appliances,173,378.03,Yes,Winter,65399.189999999995
2022-10-22,19,1029,Electronics,119,105.82,Yes,Festive,12592.58
2022-10-23,7,1044,Home Appliances,73,167.14,Yes,Festive,12201.22
2022-10-24,6,1024,Electronics,181,275.61,Yes,Festive,49885.41
2022-10-25,2,1003,Groceries,122,289.83,No,Festive,35359.259999999995
2022-10-26,6,1020,Groceries,30,15.96,No,Winter,478.8
2022-10-27,18,1046,Electronics,188,472.83,No,Festive,88892.04
2022-10-28,2,1015,Electronics,108,349.83,No,Summer,37781.64
2022-10-29,18,1025,Groceries,98,250.37,Yes,Winter,24536.260000000002
2022-10-30,15,1030,Home Appliances,32,466.9,No,Summer,14940.8
2022-10-31,19,1014,Groceries,195,222.35,Yes,Festive,43358.25
2022-11-01,2,1007,Home Appliances,195,490.32,No,Monsoon,95612.4
2022-11-02,20,1017,Electronics,156,258.58,No,Summer,40338.479999999996
2022-11-03,6,1044,Electronics,172,61.57,No,Festive,10590.04
2022-11-04,1,1020,Home Appliances,79,383.58,Yes,Summer,30302.82
2022-11-05,15,1036,Electronics,41,341.05,Yes,Festive,13983.050000000001
2022-11-06,10,1009,Home Appliances,63,387.63,Yes,Festive,24420.69
2022-11-07,19,1038,Clothing,23,475.96,Yes,Festive,10947.08
2022-11-08,17,1048,Groceries,104,389.36,No,Monsoon,40493.44
2022-11-09,5,1022,Clothing,75,307.61,Yes,Summer,23070.75
2022-11-10,4,1002,Home Appliances,48,429.37,Yes,Winter,20609.760000000002
2022-11-11,10,1024,Groceries,160,338.26,No,Winter,54121.6
2022-11-12,17,1008,Home Appliances,57,207.02,No,Winter,11800.140000000001
2022-11-13,10,1011,Groceries,118,443.38,Yes,Winter,52318.84
2022-11-14,17,1013,Groceries,100,114.84,No,Festive,11484.0
2022-11-15,20,1017,Groceries,124,358.75,Yes,Summer,44485.0
2022-11-16,5,1008,Groceries,161,441.37,No,Summer,71060.57
2022-11-17,2,1021,Home Appliances,152,367.0,Yes,Monsoon,55784.0
2022-11-18,6,1018,Groceries,167,350.15,Yes,Summer,58475.049999999996
2022-11-19,2,1030,Groceries,34,377.56,Yes,Summer,12837.04
2022-11-20,13,1018,Clothing,184,235.2,Yes,Summer,43276.799999999996
2022-11-21,11,1046,Electronics,156,437.71,Yes,Monsoon,68282.76
2022-11-22,11,1047,Electronics,165,105.7,No,Winter,17440.5
2022-11-23,16,1031,Clothing,7,68.06,Yes,Summer,476.42
2022-11-24,11,1038,Clothing,196,146.33,Yes,Monsoon,28680.680000000004
2022-11-25,19,1032,Home Appliances,165,268.13,Yes,Monsoon,44241.45
2022-11-26,15,1011,Home Appliances,56,257.73,Yes,Festive,14432.880000000001
2022-11-27,16,1045,Home Appliances,65,411.2,Yes,Monsoon,26728.0
2022-11-28,11,1025,Clothing,193,205.26,No,Winter,39615.18
2022-11-29,16,1033,Clothing,47,244.75,No,Summer,11503.25
2022-11-30,8,1038,Groceries,148,11.62,Yes,Monsoon,1719.76
2022-12-01,4,1041,Home Appliances,19,207.82,No,Winter,3948.58
2022-12-02,8,1008,Home Appliances,157,325.65,Yes,Monsoon,51127.049999999996
2022-12-03,4,1011,Home Appliances,188,12.68,No,Monsoon,2383.84
2022-12-04,3,1022,Electronics,146,144.04,No,Monsoon,21029.84
2022-12-05,3,1024,Groceries,163,107.94,Yes,Monsoon,17594.22
2022-12-06,18,1041,Home Appliances,171,25.78,No,Monsoon,4408.38
2022-12-07,19,1017,Home Appliances,126,242.23,No,Winter,30520.98
2022-12-08,19,1012,Home Appliances,139,94.95,Yes,Summer,13198.050000000001
2022-12-09,5,1046,Electronics,49,372.83,Yes,Summer,18268.67
2022-12-10,18,1032,Electronics,113,424.72,No,Summer,47993.36
2022-12-11,10,1015,Clothing,38,275.06,No,Summer,10452.28
2022-12-12,6,1016,Groceries,64,490.95,No,Winter,31420.8
2022-12-13,1,1022,Clothing,69,227.99,Yes,Festive,15731.310000000001
2022-12-14,5,1028,Groceries,136,259.12,No,Festive,35240.32
2022-12-15,9,1020,Electronics,162,494.66,No,Winter,80134.92
2022-12-16,12,1033,Home Appliances,176,119.62,No,Winter,21053.120000000003
2022-12-17,14,1010,Clothing,116,471.56,Yes,Monsoon,54700.96
2022-12-18,2,1040,Home Appliances,184,26.2,Yes,Monsoon,4820.8
2022-12-19,17,1032,Clothing,65,225.96,Yes,Monsoon,14687.4
2022-12-20,14,1050,Electronics,31,39.65,Yes,Summer,1229.1499999999999
2022-12-21,13,1033,Electronics,132,365.97,No,Monsoon,48308.04
2022-12-22,9,1002,Electronics,113,306.16,Yes,Festive,34596.08
2022-12-23,15,1033,Clothing,109,354.78,No,Summer,38671.02
2022-12-24,15,1033,Groceries,178,190.37,No,Monsoon,33885.86
2022-12-25,11,1041,Clothing,69,187.89,No,Summer,12964.41
2022-12-26,16,1013,Groceries,158,27.43,No,Festive,4333.94
2022-12-27,17,1030,Clothing,120,178.22,Yes,Monsoon,21386.4
2022-12-28,4,1033,Clothing,88,465.0,Yes,Festive,40920.0
2022-12-29,1,1013,Electronics,187,192.72,Yes,Festive,36038.64
2022-12-30,8,1026,Home Appliances,67,416.53,Yes,Festive,27907.51
2022-12-31,17,1022,Home Appliances,75,421.95,Yes,Monsoon,31646.25
2023-01-01,3,1039,Groceries,45,189.75,No,Winter,8538.75
2023-01-02,20,1002,Home Appliances,4,317.83,Yes,Monsoon,1271.32
2023-01-03,15,1038,Clothing,154,52.21,Yes,Festive,8040.34
2023-01-04,15,1039,Clothing,155,56.32,Yes,Monsoon,8729.6
2023-01-05,14,1026,Electronics,174,29.09,Yes,Festive,5061.66
2023-01-06,14,1046,Electronics,107,292.6,No,Winter,31308.2
2023-01-07,2,1050,Home Appliances,192,215.91,No,Summer,41454.72
2023-01-08,13,1015,Groceries,51,276.28,No,Winter,14090.279999999999
2023-01-09,14,1034,Home Appliances,50,262.93,No,Winter,13146.5
2023-01-10,19,1042,Home Appliances,6,178.35,No,Summer,1070.1
2023-01-11,7,1044,Home Appliances,59,340.35,Yes,Monsoon,20080.65
2023-01-12,3,1049,Home Appliances,125,380.46,No,Summer,47557.5
2023-01-13,15,1040,Clothing,143,12.24,No,Monsoon,1750.32
2023-01-14,14,1011,Groceries,30,107.58,No,Monsoon,3227.4
2023-01-15,11,1003,Clothing,170,358.05,Yes,Festive,60868.5
2023-01-16,15,1006,Groceries,122,196.38,Yes,Festive,23958.36
2023-01-17,13,1009,Electronics,125,332.93,No,Summer,41616.25
2023-01-18,18,1006,Home Appliances,37,176.75,Yes,Winter,6539.75
2023-01-19,6,1009,Clothing,170,198.42,Yes,Summer,33731.4
2023-01-20,3,1039,Groceries,124,83.55,No,Monsoon,10360.199999999999
2023-01-21,19,1031,Electronics,101,132.82,Yes,Festive,13414.82
2023-01-22,15,1032,Electronics,35,304.68,Yes,Summer,10663.800000000001
2023-01-23,5,1041,Home Appliances,87,219.42,Yes,Summer,19089.539999999997
2023-01-24,10,1050,Groceries,134,388.28,No,Festive,52029.52
2023-01-25,7,1012,Clothing,196,427.03,No,Festive,83697.87999999999
2023-01-26,17,1008,Home Appliances,18,273.11,No,Festive,4915.9800000000005
2023-01-27,7,1008,Clothing,113,380.34,Yes,Monsoon,42978.42
2023-01-28,12,1050,Electronics,29,156.92,No,Festive,4550.679999999999
2023-01-29,17,1028,Clothing,77,210.41,Yes,Winter,16201.57
2023-01-30,13,1020,Clothing,59,357.82,Yes,Summer,21111.38
2023-01-31,20,1047,Home Appliances,175,196.17,Yes,Festive,34329.75
2023-02-01,4,1007,Clothing,126,296.31,No,Festive,37335.06
2023-02-02,10,1011,Home Appliances,145,96.76,No,Monsoon,14030.2
2023-02-03,3,1020,Electronics,109,301.89,No,Monsoon,32906.01
2023-02-04,9,1016,Home Appliances,22,431.45,No,Summer,9491.9
2023-02-05,13,1004,Home Appliances,68,434.98,Yes,Winter,29578.64
2023-02-06,18,1006,Groceries,69,363.55,No,Summer,25084.95
2023-02-07,15,1022,Clothing,165,374.15,Yes,Festive,61734.74999999999
2023-02-08,4,1026,Electronics,49,281.17,No,Winter,13777.33
2023-02-09,15,1003,Home Appliances,141,294.41,No,Winter,41511.810000000005
2023-02-10,2,1041,Electronics,162,71.16,No,Winter,11527.92
2023-02-11,15,1042,Groceries,109,224.71,Yes,Winter,24493.39
2023-02-12,8,1014,Clothing,86,228.13,Yes,Summer,19619.18
2023-02-13,8,1011,Home Appliances,53,479.46,Yes,Monsoon,25411.379999999997
2023-02-14,17,1018,Clothing,123,218.39,Yes,Monsoon,26861.969999999998
2023-02-15,12,1012,Groceries,87,276.92,Yes,Festive,24092.04
2023-02-16,19,1023,Groceries,179,268.96,No,Monsoon,48143.84
2023-02-17,10,1012,Electronics,131,320.2,Yes,Monsoon,41946.2
2023-02-18,9,1013,Home Appliances,42,375.38,Yes,Monsoon,15765.96
2023-02-19,5,1025,Electronics,98,116.4,Yes,Monsoon,11407.2
2023-02-20,6,1045,Groceries,160,266.72,Yes,Festive,42675.200000000004
2023-02-21,20,1019,Clothing,109,413.83,No,Summer,45107.47
2023-02-22,2,1046,Electronics,51,234.24,Yes,Winter,11946.24
2023-02-23,13,1036,Electronics,85,142.84,No,Monsoon,12141.4
2023-02-24,6,1045,Clothing,174,329.08,No,Summer,57259.92
2023-02-25,5,1008,Electronics,127,412.76,No,Monsoon,52420.52
2023-02-26,1,1029,Clothing,21,36.25,Yes,Monsoon,761.25
2023-02-27,6,1032,Home Appliances,44,389.51,No,Winter,17138.44
2023-02-28,6,1044,Clothing,139,411.72,Yes,Winter,57229.08
2023-03-01,16,1018,Home Appliances,103,233.45,Yes,Winter,24045.35
2023-03-02,4,1006,Clothing,68,491.74,Yes,Monsoon,33438.32
2023-03-03,11,1018,Groceries,129,394.42,Yes,Monsoon,50880.18
2023-03-04,9,1019,Groceries,92,387.96,Yes,Monsoon,35692.32
2023-03-05,3,1022,Home Appliances,191,375.18,No,Winter,71659.38
2023-03-06,19,1037,Home Appliances,24,79.55,No,Festive,1909.1999999999998
2023-03-07,8,1032,Groceries,125,112.53,Yes,Summer,14066.25
2023-03-08,5,1041,Home Appliances,141,234.68,No,Festive,33089.88
2023-03-09,4,1003,Clothing,111,135.68,Yes,Monsoon,15060.480000000001
2023-03-10,6,1028,Clothing,98,210.54,No,Monsoon,20632.92
2023-03-11,2,1010,Groceries,139,444.79,No,Festive,61825.810000000005
2023-03-12,20,1035,Electronics,179,413.04,No,Monsoon,73934.16
2023-03-13,11,1029,Clothing,17,316.87,No,Summer,5386.79
2023-03-14,4,1015,Home Appliances,99,429.77,No,Monsoon,42547.229999999996
2023-03-15,15,1033,Electronics,82,392.97,Yes,Summer,32223.54
2023-03-16,6,1007,Electronics,104,217.35,Yes,Festive,22604.399999999998
2023-03-17,17,1012,Clothing,152,104.53,No,Festive,15888.56
2023-03-18,6,1049,Clothing,19,259.53,Yes,Monsoon,4931.07
2023-03-19,19,1030,Electronics,165,369.43,No,Summer,60955.950000000004
2023-03-20,2,1021,Electronics,85,221.03,Yes,Monsoon,18787.55
2023-03-21,15,1031,Groceries,8,335.05,No,Winter,2680.4
2023-03-22,11,1024,Home Appliances,28,51.69,No,Winter,1447.32
2023-03-23,8,1020,Groceries,5,375.26,No,Winter,1876.3
2023-03-24,19,1037,Clothing,145,407.29,Yes,Winter,59057.05
2023-03-25,13,1004,Groceries,101,354.88,Yes,Monsoon,35842.88
2023-03-26,12,1028,Groceries,164,483.8,No,Winter,79343.2
2023-03-27,5,1044,Groceries,118,414.19,No,Summer,48874.42
2023-03-28,6,1020,Groceries,147,452.03,Yes,Festive,66448.40999999999
2023-03-29,4,1024,Home Appliances,64,467.12,Yes,Festive,29895.68
2023-03-30,19,1050,Home Appliances,91,401.67,Yes,Winter,36551.97
2023-03-31,20,1049,Electronics,117,338.76,Yes,Winter,39634.92
2023-04-01,1,1032,Clothing,98,7.83,Yes,Winter,767.34
2023-04-02,20,1041,Groceries,11,235.58,No,Monsoon,2591.38
2023-04-03,17,1036,Electronics,54,287.73,Yes,Festive,15537.420000000002
2023-04-04,12,1034,Electronics,173,155.49,No,Winter,26899.77
2023-04-05,15,1036,Electronics,47,162.46,No,Summer,7635.620000000001
2023-04-06,1,1002,Home Appliances,140,480.77,Yes,Winter,67307.8
2023-04-07,14,1015,Groceries,149,446.4,Yes,Festive,66513.59999999999
2023-04-08,6,1034,Groceries,139,425.34,No,Winter,59122.259999999995
2023-04-09,5,1036,Clothing,5,205.98,Yes,Festive,1029.8999999999999
2023-04-10,11,1006,Groceries,184,11.78,No,Winter,2167.52
2023-04-11,4,1039,Groceries,20,44.71,Yes,Summer,894.2
2023-04-12,13,1042,Electronics,169,159.54,Yes,Winter,26962.26
2023-04-13,11,1012,Clothing,46,12.79,Yes,Summer,588.3399999999999
2023-04-14,3,1003,Groceries,12,13.49,No,Summer,161.88
2023-04-15,1,1045,Home Appliances,70,458.72,Yes,Winter,32110.4
2023-04-16,6,1018,Groceries,17,354.55,No,Summer,6027.35
2023-04-17,18,1040,Electronics,115,157.93,Yes,Monsoon,18161.95
2023-04-18,10,1021,Home Appliances,147,70.66,No,Winter,10387.019999999999
2023-04-19,5,1015,Electronics,154,258.26,Yes,Winter,39772.04
2023-04-20,10,1033,Groceries,48,7.65,No,Summer,367.20000000000005
2023-04-21,12,1035,Home Appliances,108,469.51,No,Summer,50707.08
2023-04-22,2,1026,Clothing,52,210.33,No,Winter,10937.16
2023-04-23,13,1008,Clothing,96,204.16,No,Monsoon,19599.36
2023-04-24,8,1036,Home Appliances,70,198.34,No,Summer,13883.800000000001
2023-04-25,2,1048,Home Appliances,183,39.32,No,Summer,7195.56
2023-04-26,20,1030,Electronics,102,320.97,Yes,Festive,32738.940000000002
2023-04-27,1,1023,Home Appliances,75,367.84,No,Monsoon,27587.999999999996
2023-04-28,5,1042,Electronics,161,339.68,No,Monsoon,54688.48
2023-04-29,9,1044,Groceries,190,73.53,No,Winter,13970.7
2023-04-30,17,1014,Electronics,151,291.53,Yes,Monsoon,44021.03
2023-05-01,9,1014,Home Appliances,143,286.89,Yes,Winter,41025.27
2023-05-02,11,1002,Home Appliances,155,434.86,Yes,Festive,67403.3
2023-05-03,15,1037,Groceries,192,192.67,No,Monsoon,36992.64
2023-05-04,6,1005,Home Appliances,179,188.89,Yes,Summer,33811.31
2023-05-05,3,1038,Home Appliances,181,311.17,Yes,Festive,56321.770000000004
2023-05-06,17,1045,Clothing,82,318.37,No,Winter,26106.34
2023-05-07,5,1041,Clothing,92,237.3,No,Festive,21831.600000000002
2023-05-08,12,1047,Groceries,179,224.31,Yes,Winter,40151.49
2023-05-09,18,1014,Electronics,175,249.6,No,Festive,43680.0
2023-05-10,14,1039,Clothing,4,431.22,No,Winter,1724.88
2023-05-11,11,1025,Electronics,135,233.28,No,Monsoon,31492.8
2023-05-12,9,1020,Home Appliances,109,470.27,No,Summer,51259.43
2023-05-13,2,1002,Clothing,163,254.48,Yes,Winter,41480.24
2023-05-14,12,1039,Groceries,48,474.85,No,Festive,22792.800000000003
2023-05-15,3,1006,Groceries,73,417.25,Yes,Winter,30459.25
2023-05-16,3,1017,Groceries,72,184.4,Yes,Winter,13276.800000000001
2023-05-17,1,1025,Clothing,116,432.5,Yes,Winter,50170.0
2023-05-18,8,1028,Electronics,173,59.48,Yes,Festive,10290.039999999999
2023-05-19,8,1002,Home Appliances,81,462.9,No,Summer,37494.9
2023-05-20,11,1035,Electronics,81,317.66,No,Monsoon,25730.460000000003
2023-05-21,9,1037,Electronics,113,31.92,No,Summer,3606.96
2023-05-22,5,1005,Home Appliances,96,323.91,Yes,Winter,31095.36
2023-05-23,14,1001,Home Appliances,72,487.25,Yes,Festive,35082.0
2023-05-24,3,1040,Clothing,147,39.55,Yes,Summer,5813.849999999999
2023-05-25,5,1012,Clothing,63,279.57,No,Winter,17612.91
2023-05-26,5,1036,Clothing,38,375.16,Yes,Monsoon,14256.080000000002
2023-05-27,19,1045,Clothing,67,406.08,No,Monsoon,27207.36
2023-05-28,14,1023,Clothing,187,209.84,No,Monsoon,39240.08
2023-05-29,4,1047,Home Appliances,69,106.06,No,Winter,7318.14
2023-05-30,13,1031,Electronics,13,25.96,No,Festive,337.48
2023-05-31,10,1011,Clothing,175,291.96,Yes,Summer,51093.0
2023-06-01,18,1010,Clothing,189,229.19,No,Monsoon,43316.909999999996
2023-06-02,8,1003,Electronics,31,474.63,Yes,Winter,14713.53
2023-06-03,8,1014,Clothing,114,35.0,No,Winter,3990.0
2023-06-04,7,1016,Electronics,22,344.27,Yes,Summer,7573.94
2023-06-05,8,1010,Electronics,93,17.36,Yes,Monsoon,1614.48
2023-06-06,14,1029,Home Appliances,171,89.86,No,Winter,15366.06
2023-06-07,19,1010,Groceries,67,229.52,No,Summer,15377.84
2023-06-08,6,1012,Home Appliances,54,230.16,No,Festive,12428.64
2023-06-09,1,1030,Groceries,138,344.42,Yes,Festive,47529.96
2023-06-10,15,1041,Groceries,42,455.56,No,Festive,19133.52
2023-06-11,1,1001,Groceries,64,321.32,No,Monsoon,20564.48
2023-06-12,17,1005,Clothing,126,477.0,Yes,Summer,60102.0
2023-06-13,1,1020,Home Appliances,21,441.4,No,Summer,9269.4
2023-06-14,15,1008,Groceries,194,294.33,Yes,Winter,57100.02
2023-06-15,2,1043,Electronics,169,417.73,No,Winter,70596.37000000001
2023-06-16,14,1012,Clothing,152,323.08,Yes,Winter,49108.159999999996
2023-06-17,8,1001,Home Appliances,35,43.89,Yes,Summer,1536.15
2023-06-18,8,1020,Groceries,184,371.58,No,Winter,68370.72
2023-06-19,19,1028,Electronics,30,51.98,Yes,Summer,1559.3999999999999
2023-06-20,7,1043,Home Appliances,57,299.07,No,Summer,17046.989999999998
2023-06-21,19,1037,Home Appliances,47,352.81,No,Festive,16582.07
2023-06-22,6,1047,Clothing,163,37.93,Yes,Winter,6182.59
2023-06-23,6,1037,Home Appliances,19,119.24,No,Festive,2265.56
2023-06-24,3,1012,Clothing,114,458.26,Yes,Monsoon,52241.64
2023-06-25,7,1037,Groceries,8,310.08,Yes,Monsoon,2480.64
2023-06-26,19,1049,Clothing,26,126.91,Yes,Monsoon,3299.66
2023-06-27,8,1049,Electronics,113,346.89,Yes,Summer,39198.57
2023-06-28,10,1044,Clothing,71,300.4,Yes,Summer,21328.399999999998
2023-06-29,20,1028,Electronics,30,253.28,Yes,Summer,7598.4
2023-06-30,15,1047,Clothing,135,488.21,Yes,Winter,65908.34999999999
2023-07-01,15,1015,Home Appliances,67,343.31,Yes,Festive,23001.77
2023-07-02,1,1006,Groceries,65,190.84,No,Summer,12404.6
2023-07-03,20,1044,Electronics,36,401.04,No,Festive,14437.44
2023-07-04,7,1020,Clothing,25,442.87,Yes,Festive,11071.75
2023-07-05,4,1050,Clothing,37,66.98,No,Festive,2478.26
2023-07-06,6,1014,Clothing,1,104.27,No,Winter,104.27
2023-07-07,1,1002,Home Appliances,143,112.03,No,Winter,16020.29
2023-07-08,5,1009,Home Appliances,37,347.15,No,Monsoon,12844.55
2023-07-09,1,1037,Electronics,141,303.5,No,Monsoon,42793.5
2023-07-10,4,1020,Electronics,136,311.4,No,Festive,42350.399999999994
2023-07-11,2,1026,Home Appliances,133,470.68,Yes,Monsoon,62600.44
2023-07-12,10,1029,Electronics,188,389.08,No,Festive,73147.04
2023-07-13,5,1001,Groceries,128,68.33,No,Winter,8746.24
2023-07-14,10,1035,Groceries,127,177.02,No,Winter,22481.54
2023-07-15,1,1006,Home Appliances,1,220.52,No,Winter,220.52
2023-07-16,6,1037,Electronics,164,201.0,Yes,Summer,32964.0
2023-07-17,13,1005,Clothing,35,336.31,Yes,Festive,11770.85
2023-07-18,15,1033,Groceries,194,446.49,Yes,Winter,86619.06
2023-07-19,4,1049,Home Appliances,191,156.5,Yes,Festive,29891.5
2023-07-20,13,1014,Electronics,104,278.18,No,Monsoon,28930.72
2023-07-21,20,1012,Home Appliances,23,395.76,Yes,Monsoon,9102.48
2023-07-22,15,1042,Clothing,9,211.03,Yes,Winter,1899.27
2023-07-23,8,1020,Groceries,34,88.22,Yes,Festive,2999.48
2023-07-24,5,1050,Home Appliances,174,240.1,Yes,Winter,41777.4
2023-07-25,15,1024,Home Appliances,128,32.34,No,Monsoon,4139.52
2023-07-26,4,1043,Home Appliances,4,471.48,Yes,Winter,1885.92
2023-07-27,12,1034,Clothing,158,42.04,No,Festive,6642.32
2023-07-28,13,1025,Home Appliances,102,222.04,Yes,Monsoon,22648.079999999998
2023-07-29,2,1050,Clothing,75,267.29,No,Summer,20046.75
2023-07-30,19,1029,Clothing,99,492.73,No,Monsoon,48780.270000000004
2023-07-31,19,1039,Clothing,72,87.18,Yes,Summer,6276.960000000001
2023-08-01,4,1031,Groceries,3,61.64,Yes,Winter,184.92000000000002
2023-08-02,4,1047,Groceries,142,9.31,Yes,Winter,1322.02
2023-08-03,11,1043,Home Appliances,188,82.01,Yes,Festive,15417.880000000001
2023-08-04,5,1050,Home Appliances,173,107.6,No,Summer,18614.8
2023-08-05,20,1023,Groceries,34,317.14,No,Winter,10782.76
2023-08-06,11,1044,Electronics,45,113.75,Yes,Summer,5118.75
2023-08-07,10,1038,Groceries,61,15.16,Yes,Winter,924.76
2023-08-08,8,1020,Clothing,83,414.18,No,Monsoon,34376.94
2023-08-09,6,1023,Groceries,123,185.97,Yes,Winter,22874.31
2023-08-10,6,1045,Clothing,102,180.08,No,Festive,18368.16
2023-08-11,8,1016,Home Appliances,16,154.73,Yes,Monsoon,2475.68
2023-08-12,15,1050,Electronics,66,487.81,No,Festive,32195.46
2023-08-13,14,1042,Home Appliances,168,89.21,No,Monsoon,14987.279999999999
2023-08-14,11,1008,Clothing,145,449.63,No,Summer,65196.35
2023-08-15,12,1050,Clothing,119,389.52,No,Festive,46352.88
2023-08-16,13,1021,Clothing,162,42.86,No,Winter,6943.32
2023-08-17,8,1001,Electronics,124,493.43,Yes,Summer,61185.32
2023-08-18,18,1008,Groceries,144,139.33,No,Winter,20063.52
2023-08-19,1,1029,Home Appliances,102,53.8,Yes,Monsoon,5487.599999999999
2023-08-20,15,1032,Home Appliances,188,415.51,No,Monsoon,78115.88
2023-08-21,8,1038,Groceries,66,354.8,No,Winter,23416.8
2023-08-22,11,1005,Home Appliances,194,310.52,Yes,Winter,60240.88
2023-08-23,12,1047,Electronics,13,82.21,Yes,Summer,1068.73
2023-08-24,12,1022,Home Appliances,184,241.86,Yes,Winter,44502.240000000005
2023-08-25,4,1047,Clothing,111,391.38,Yes,Festive,43443.18
2023-08-26,16,1034,Groceries,159,155.29,No,Festive,24691.109999999997
2023-08-27,4,1001,Electronics,34,159.29,Yes,Winter,5415.86
2023-08-28,5,1026,Groceries,39,6.55,No,Festive,255.45
2023-08-29,5,1043,Electronics,195,91.25,Yes,Winter,17793.75
2023-08-30,8,1010,Clothing,136,438.33,Yes,Summer,59612.88
2023-08-31,10,1030,Groceries,120,223.66,No,Festive,26839.2
2023-09-01,17,1050,Home Appliances,126,492.2,No,Festive,62017.2
2023-09-02,9,1018,Electronics,55,200.88,Yes,Winter,11048.4
2023-09-03,19,1017,Groceries,27,359.02,No,Festive,9693.539999999999
2023-09-04,14,1026,Home Appliances,118,144.55,No,Monsoon,17056.9
2023-09-05,8,1008,Groceries,53,185.09,No,Summer,9809.77
2023-09-06,9,1047,Groceries,39,99.41,No,Summer,3876.99
2023-09-07,11,1040,Groceries,65,176.8,No,Festive,11492.0
2023-09-08,1,1049,Electronics,145,275.88,No,Festive,40002.6
2023-09-09,14,1012,Home Appliances,158,495.93,No,Monsoon,78356.94
2023-09-10,5,1027,Clothing,181,333.78,No,Monsoon,60414.17999999999
2023-09-11,14,1008,Electronics,13,103.63,Yes,Festive,1347.19
2023-09-12,4,1025,Electronics,21,27.26,No,Festive,572.46
2023-09-13,1,1046,Electronics,147,67.55,Yes,Monsoon,9929.85
2023-09-14,19,1004,Clothing,53,283.46,No,Winter,15023.38
2023-09-15,8,1033,Home Appliances,19,383.75,No,Monsoon,7291.25
2023-09-16,15,1001,Home Appliances,57,470.51,No,Winter,26819.07
2023-09-17,15,1019,Home Appliances,25,12.83,No,Summer,320.75
2023-09-18,9,1031,Groceries,31,263.77,Yes,Summer,8176.869999999999
2023-09-19,9,1016,Groceries,81,238.08,Yes,Monsoon,19284.48
2023-09-20,10,1014,Groceries,183,329.75,No,Winter,60344.25
2023-09-21,20,1048,Clothing,23,281.99,Yes,Monsoon,6485.77
2023-09-22,9,1005,Groceries,32,345.08,No,Monsoon,11042.56
2023-09-23,3,1041,Clothing,190,330.75,No,Winter,62842.5
2023-09-24,20,1026,Home Appliances,74,62.92,Yes,Monsoon,4656.08
2023-09-25,11,1028,Groceries,10,400.86,Yes,Summer,4008.6000000000004
2023-09-26,6,1002,Groceries,54,66.0,No,Festive,3564.0
2023-09-27,2,1050,Electronics,52,350.77,No,Festive,18240.04
